nombre,precio,vendedor,imagen
Llanta Kelly Edge Touring 2 185/70 R14,S/ 144.90,Por Sodimac,"https://media.falabella.com.pe/sodimacPE/4193393_00/width=170,height=170,quality=70,format=webp,fit=pad"
Llanta Direction Sport 2 205/55 R16 91V,Sin precio,Por Sodimac,"https://media.falabella.com.pe/sodimacPE/4160541_1/width=170,height=170,quality=70,format=webp,fit=pad"
Llanta Direction Touring 2 185/70 R14 88H,S/ 194.90,Por Sodimac,"https://media.falabella.com.pe/sodimacPE/4151720_00/width=170,height=170,quality=70,format=webp,fit=pad"
Llanta Direction Sport 2 195/65 R15 91V,S/ 244.90,Por Sodimac,"https://media.falabella.com.pe/sodimacPE/416055X_1/width=170,height=170,quality=70,format=webp,fit=pad"
Llanta Westlake 185 70R14PR,"S/ 199.90
-20%",Por Sodimac,Sin imagen
Llanta Westlake 195 65R15PR,"S/ 223.90
-20%",Por Sodimac,Sin imagen
Llanta 185 65R15 88H Z-108,S/ 134.90,Por Sodimac,Sin imagen
Llanta 165/65R13 77T Z-108,"S/ 92.70
-34%",Por Sodimac,Sin imagen
Llanta Direction Sport 185/65 R15 88H,S/ 239.90,Por Sodimac,Sin imagen
Llanta 185 65R14 86H Z-108,"S/ 107.90
-28%",Por Sodimac,Sin imagen
Llanta 185 70R14 88T Z-108,S/ 119.90,Por Sodimac,Sin imagen
Llanta Westlake 185 65R14PR,"S/ 183.90
-20%",Por Sodimac,Sin imagen
Llanta 185 70R13 86TZ-108,"S/ 114.90
-23%",Por Sodimac,Sin imagen
Llanta 195 65R15 91V Z-108,S/ 134.90,Por Sodimac,Sin imagen
Llanta Kelly Edge Tring 2GY 185/70R13,"S/ 149.90
-6%",Por Sodimac,Sin imagen
Llanta Direction Touring 175/70 R14 88T,"S/ 209.90
-18%",Por Sodimac,Sin imagen
Llanta 195/ 60 R 15 - - KR20 - 88H,"S/ 179
-28%",Por Tricorzo,Sin imagen
Llanta Eagle Ventura 185/70 R13 86H,"S/ 224.90
-5%",Por Sodimac,Sin imagen
LLanta 175/65R14 Direction Touring 2,Sin precio,Por Sodimac,Sin imagen
Llanta 205 55R16PR 94W Z-108 XL,"S/ 164.90
-20%",Por Sodimac,Sin imagen
Llanta 225/60 R17 103H Direction SUV 2,S/ 449.90,Por Sodimac,Sin imagen
Llanta Westlake 185 70R13PR,"S/ 191.90
-20%",Por Sodimac,Sin imagen
Llanta 175 70R14 84T Z-108,"S/ 123.90
-23%",Por Sodimac,Sin imagen
Llanta 175/65R14 82H Z-108,"S/ 124.90
-17%",Por Sodimac,Sin imagen
Llanta AT771 225/65 R17 102T,"S/ 477
-6%",Por Sodimac,Sin imagen
Llanta VI-786 TL 195/60R15 88H,Sin precio,Por Sodimac,Sin imagen
Llanta 175/70R13 82T Z-108,"S/ 92.70
-34%",Por Sodimac,Sin imagen
Llanta 185/70R13 86S T70,Sin precio,Por Sodimac,Sin imagen
Llantas 185/70R13 Direction Touring 2,Sin precio,Por Sodimac,Sin imagen
PACK 4 LLANTA 185/ 70 R 14 88 H KR203,"S/ 699
-17%",Por Tricorzo,Sin imagen
LLANTA 225/65R17 102H ROYAL SPORT,"S/ 319
-36%",Por Rally Auto Sport,Sin imagen
Llanta (Ovation) VI-286 H/T 235/65R17 108H TL XL,Sin precio,Por Sodimac,Sin imagen
Llanta 215/ 45 R 17 - - Kaiser KR20 - 91W,"S/ 279
-15%",Por Tricorzo,Sin imagen
Llanta 185 60R14PR 82H Z-108,Sin precio,Por Sodimac,Sin imagen
Llanta Direction Touring 2 175/70 R13 82T,"S/ 189.90
-7%",Por Sodimac,Sin imagen
LLANTA 22560R17 99V BluEarth XT AE61 TL,"S/ 643.88
-10%",Por Llantasya,Sin imagen
Llanta 185/ 65 R15 - Kaiser KR20 - 88H,"S/ 179
-33%",Por Tricorzo,Sin imagen
Llanta AT811 225/60 R17 103H,Sin precio,Por Sodimac,Sin imagen
Llanta 205/ 55ZR 16 - - Kaiser KR20 - 94W,"S/ 239
-37%",Por Tricorzo,Sin imagen
Llanta 185/ 70 R 13 T 70 86 S,"S/ 219
-12%",Por Tricorzo,Sin imagen
Llanta 225/65 R17 106H Direction SUV 2,S/ 469.90,Por Sodimac,Sin imagen
Llanta 175/70R13 82S T70,Sin precio,Por Sodimac,Sin imagen
Llanta BluEarth ES32 TL 185/60R15 88H XL,Sin precio,Por Sodimac,Sin imagen
Manómetro Alta Presión,Sin precio,Por Sodimac,Sin imagen
Llanta MAZ1 215/45 ZR17 91W,Sin precio,Por Sodimac,Sin imagen
Llanta MAZ1 205/55 R15 88V M,Sin precio,Por Sodimac,Sin imagen
Llanta VI-786 TL 155/70R12 73T,Sin precio,Por Sodimac,Sin imagen
Llanta 195/55 R 15 - Kaiser KR20 - 85V,"S/ 179
-38%",Por Tricorzo,Sin imagen
